,text,0,1,2,3,4,5,6,7,8
0,"""Tribe Thunnini Starks 1910"". The Paleobiology Database. Archived from the original on 21 January 2019. Retrieved 20 January 2019.",https://web.archive.org/web/20190121064857/https://paleobiodb.org/classic/checkTaxonInfo?taxon_no=352611&is_real_user=1,https://paleobiodb.org/classic/checkTaxonInfo?taxon_no=352611&is_real_user=1,,,,,,,
1,"Graham, Jeffrey B.; Dickson, Kathryn A. (2004). ""Tuna Comparative Physiology"". The Journal of Experimental Biology. 207 (23): 4015–4024. doi:10.1242/jeb.01267. PMID 15498947.",https://doi.org/10.1242%2Fjeb.01267,/wiki/Doi_(identifier),https://doi.org/10.1242%2Fjeb.01267,/wiki/PMID_(identifier),https://pubmed.ncbi.nlm.nih.gov/15498947,,,,
2,"Block, Barbara A.; Booth, David; Carey, Francis G. (1992). ""Direct measurement of swimming speeds and depth of blue marlin"" (PDF). Journal of Experimental Biology. 166: 278. doi:10.1242/jeb.166.1.267. ISSN 0022-0949. Archived (PDF) from the original on 4 September 2015. Retrieved 19 September 2012.",http://jeb.biologists.org/content/166/1/267.full.pdf,/wiki/Doi_(identifier),https://doi.org/10.1242%2Fjeb.166.1.267,/wiki/ISSN_(identifier),https://www.worldcat.org/issn/0022-0949,https://web.archive.org/web/20150904044712/http://jeb.biologists.org/content/166/1/267.full.pdf,,,
3,"Svendsen, Morten B. S.; Domenici, Paolo; Marras, Stefano; Krause, Jens; Boswell, Kevin M.; Rodriguez-Pinto, Ivan; Wilson, Alexander D. M.; Kurvers, Ralf H. J. M.; Viblanc, Paul E.; Finger, Jean S.; Steffensen, John F. (October 2016). ""Maximum swimming speeds of sailfish and three other large marine predatory fish species based on muscle contraction time and stride length: a myth revisited"". Biology Open. 5 (10): 1415–1419. doi:10.1242/bio.019919. ISSN 2046-6390. PMC 5087677. PMID 27543056.",https://www.ncbi.nlm.nih.gov/pmc/articles/PMC5087677,/wiki/Doi_(identifier),https://doi.org/10.1242%2Fbio.019919,/wiki/ISSN_(identifier),https://www.worldcat.org/issn/2046-6390,/wiki/PMC_(identifier),https://www.ncbi.nlm.nih.gov/pmc/articles/PMC5087677,/wiki/PMID_(identifier),https://pubmed.ncbi.nlm.nih.gov/27543056
4,"Collette, B.; et al. (2021). ""Thunnus maccoyii"". IUCN Red List of Threatened Species. 2021. Retrieved 29 March 2022.",https://www.iucnredlist.org/species/21858/170082633,/wiki/IUCN_Red_List,,,,,,,
5,"""tuna"". American Heritage Dictionary. Houghton Mifflin Harcourt Publishing Company. 2015. Archived from the original on 24 May 2015. Retrieved 24 May 2015.",https://web.archive.org/web/20150524153815/https://www.ahdictionary.com/word/search.html?q=tuna&submit.x=0&submit.y=0,https://www.ahdictionary.com/word/search.html?q=tuna&submit.x=0&submit.y=0,,,,,,,
6,"Lewis, Charlton T.; Short, Charles (1879). ""thunnus"". A Latin Dictionary. Perseus Digital Library.",https://www.perseus.tufts.edu/hopper/text?doc=Perseus:text:1999.04.0059:entry=thunnus,,,,,,,,
7,"θύννος in Liddell, Henry George; Scott, Robert (1940) A Greek–English Lexicon, revised and augmented throughout by Jones, Sir Henry Stuart, with the assistance of McKenzie, Roderick. Oxford: Clarendon Press. In the Perseus Digital Library, Tufts University.",https://www.perseus.tufts.edu/hopper/text?doc=Perseus:text:1999.04.0057:entry=qu/nnos,/wiki/Henry_Liddell,/wiki/Robert_Scott_(philologist),/wiki/Henry_Stuart_Jones,/wiki/Perseus_Project,,,,
8,θύνω in Liddell and Scott.,https://www.perseus.tufts.edu/hopper/text?doc=Perseus:text:1999.04.0057:entry=qu/nw,/wiki/Henry_Liddell,/wiki/Robert_Scott_(philologist),,,,,,
9,"Collette, B.B. (1999). ""Mackerels, molecules, and morphology"". In Séret, B.; Sire, J.Y. (eds.). Proceedings. 5th Indo-Pacific Fish Conference: Nouméa, New Caledonia, 3–8 November 1997. Paris: Société Française d'Ichtyologie [u.a.] pp. 149–164. ISBN 978-2-9507330-5-4.",https://books.google.com/books?id=-0cWAQAAIAAJ,/wiki/ISBN_(identifier),/wiki/Special:BookSources/978-2-9507330-5-4,,,,,,
10,"Tanaka, Y.; Satoh, K.; Iwahashi, M.; Yamada, H. (2006). ""Growth-dependent recruitment of Pacific bluefin tuna Thunnus orientalis in the northwestern Pacific Ocean"". Marine Ecology Progress Series. 319: 225–235. Bibcode:2006MEPS..319..225T. doi:10.3354/meps319225.",http://cat.inist.fr/?aModele=afficheN&cpsidt=18108521,/wiki/Bibcode_(identifier),https://ui.adsabs.harvard.edu/abs/2006MEPS..319..225T,/wiki/Doi_(identifier),https://doi.org/10.3354%2Fmeps319225,,,,
11,"""Thunnus - an overview | ScienceDirect Topics"". www.sciencedirect.com. Retrieved 17 August 2021.",https://www.sciencedirect.com/topics/agricultural-and-biological-sciences/thunnus,,,,,,,,
12,"Froese, Rainer; Pauly, Daniel (eds.) (2012). ""Thunnus alalunga"" in FishBase. January 2012 version.",http://www.fishbase.org/summary/SpeciesSummary.php?genusname=Thunnus&speciesname=alalunga,/wiki/FishBase,,,,,,,
13,"Collette, B.; et al. (2021). ""Thunnus alalunga"". IUCN Red List of Threatened Species. 2021. Retrieved 29 March 2022.",https://www.iucnredlist.org/species/21856/46911332,/wiki/IUCN_Red_List,,,,,,,
14,"Froese, Rainer; Pauly, Daniel (eds.) (2012). ""Thunnus maccoyii"" in FishBase. January 2012 version.",http://www.fishbase.org/summary/SpeciesSummary.php?genusname=Thunnus&speciesname=maccoyii,/wiki/FishBase,,,,,,,
15,"Froese, Rainer; Pauly, Daniel (eds.) (2012). ""Thunnus obesus"" in FishBase. January 2012 version.",http://www.fishbase.org/summary/SpeciesSummary.php?genusname=Thunnus&speciesname=obesus,/wiki/FishBase,,,,,,,
16,"Collette, B.; et al. (2021). ""Thunnus obesus"". IUCN Red List of Threatened Species. 2021. Retrieved 29 March 2022.",https://www.iucnredlist.org/species/21859/46912402,/wiki/IUCN_Red_List,,,,,,,
17,"Froese, Rainer; Pauly, Daniel (eds.) (2012). ""Thunnus orientalis"" in FishBase. January 2012 version.",http://www.fishbase.org/summary/SpeciesSummary.php?genusname=Thunnus&speciesname=orientalis,/wiki/FishBase,,,,,,,
18,"Collette, B.; et al. (2021). ""Thunnus orientalis"". IUCN Red List of Threatened Species. 2021. Retrieved 29 March 2022.",https://www.iucnredlist.org/species/170341/170087840,/wiki/IUCN_Red_List,,,,,,,
19,"Froese, Rainer; Pauly, Daniel (eds.) (2012). ""Thunnus thynnus"" in FishBase. January 2012 version.",http://www.fishbase.org/summary/SpeciesSummary.php?genusname=Thunnus&speciesname=thynnus,/wiki/FishBase,,,,,,,
20,"Collette, B.; et al. (2021). ""Thunnus thynnus"". IUCN Red List of Threatened Species. 2021. Retrieved 9 January 2015.",https://www.iucnredlist.org/species/21860/46913402,/wiki/IUCN_Red_List,,,,,,,
21,"Froese, Rainer; Pauly, Daniel (eds.) (2012). ""Thunnus atlanticus"" in FishBase. January 2012 version.",http://www.fishbase.org/summary/SpeciesSummary.php?genusname=Thunnus&speciesname=atlanticus,/wiki/FishBase,,,,,,,
22,"Collette, B.; et al. (2010). ""Thunnus atlanticus"". IUCN Red List of Threatened Species. 2010. Retrieved 29 March 2022.old-form url",https://www.iucnredlist.org/details/155276/4764002,/wiki/IUCN_Red_List,,,,,,,
23,"Froese, Rainer; Pauly, Daniel (eds.) (2012). ""Thunnus tonggol"" in FishBase. January 2012 version.",http://www.fishbase.org/summary/SpeciesSummary.php?genusname=Thunnus&speciesname=tonggol,/wiki/FishBase,,,,,,,
24,"Collette, B.; et al. (2009). ""Thunnus tonggol"". IUCN Red List of Threatened Species. 2009. Retrieved 29 March 2022.old-form url",https://www.iucnredlist.org/details/170351/6763691,/wiki/IUCN_Red_List,,,,,,,
25,"Froese, Rainer; Pauly, Daniel (eds.) (2012). ""Thunnus albacares"" in FishBase. January 2012 version.",http://www.fishbase.org/summary/SpeciesSummary.php?genusname=Thunnus&speciesname=albacares,/wiki/FishBase,,,,,,,
26,"Collette, B.; et al. (2021). ""Thunnus albacares"". IUCN Red List of Threatened Species. 2021. Retrieved 29 March 2022.old-form url",https://www.iucnredlist.org/details/21857/46624561,/wiki/IUCN_Red_List,,,,,,,
27,"Froese, Rainer; Pauly, Daniel (eds.) (2012). ""Allothunnus fallai"" in FishBase. January 2012 version.",http://www.fishbase.org/summary/SpeciesSummary.php?genusname=Allothunnus&speciesname=fallai,/wiki/FishBase,,,,,,,
28,"Collette, B.; Amorim, A.F.; Boustany, A.; Carpenter, K.E.; de Oliveira Leite Jr.; N.; Di Natale, A.; Fox, W.; Fredou, F.L.; Graves, J.; Viera Hazin, F.H.; Juan Jorda, M.; Minte Vera, C.; Miyabe, N.; Nelson, R.; Oxenford, H.; Sun, C.; Teixeira Lessa, R.P.; Pires Ferreira Travassos, P.E.; Uozumi, Y. (2011). ""Allothunnus fallai"". IUCN Red List of Threatened Species. 2011: e.T170349A6761139. doi:10.2305/IUCN.UK.2011-2.RLTS.T170349A6761139.en. Retrieved 12 November 2021.",https://www.iucnredlist.org/species/170349/6761139,/wiki/IUCN_Red_List,/wiki/Doi_(identifier),https://doi.org/10.2305%2FIUCN.UK.2011-2.RLTS.T170349A6761139.en,,,,,
29,"Froese, Rainer; Pauly, Daniel (eds.) (2012). ""Auxis rochei"" in FishBase. January 2012 version.",http://www.fishbase.org/summary/SpeciesSummary.php?genusname=Auxis&speciesname=rochei,/wiki/FishBase,,,,,,,
30,"Collette, B.; Acero, A.; Amorim, A.F.; Boustany, A.; Canales Ramirez, C.; Cardenas, G.; Carpenter, K.E.; de Oliveira Leite Jr.; N.; Di Natale, A.; Fox, W.; Fredou, F.L.; Graves, J.; Guzman-Mora, A.; Viera Hazin, F.H.; Juan Jorda, M.; Kada, O.; Minte Vera, C.; Miyabe, N.; Montano Cruz, R.; Nelson, R.; Oxenford, H.; Salas, E.; Schaefer, K.; Serra, R.; Sun, C.; Teixeira Lessa, R.P.; Pires Ferreira Travassos, P.E.; Uozumi, Y.; Yanez, E. (2011). ""Auxis rochei"". IUCN Red List of Threatened Species. 2011: e.T170355A6765188. doi:10.2305/IUCN.UK.2011-2.RLTS.T170355A6765188.en. Retrieved 12 November 2021.",https://www.iucnredlist.org/species/170355/6765188,/wiki/IUCN_Red_List,/wiki/Doi_(identifier),https://doi.org/10.2305%2FIUCN.UK.2011-2.RLTS.T170355A6765188.en,,,,,
31,"Froese, Rainer; Pauly, Daniel (eds.) (2012). ""Auxis thazard"" in FishBase. January 2012 version.",http://www.fishbase.org/summary/SpeciesSummary.php?genusname=Auxis&speciesname=thazard,/wiki/FishBase,,,,,,,
32,"Collette, B.; Acero, A.; Amorim, A.F.; Boustany, A.; Canales Ramirez, C.; Cardenas, G.; Carpenter, K.E.; de Oliveira Leite Jr.; N.; Di Natale, A.; Fox, W.; Fredou, F.L.; Graves, J.; Guzman-Mora, A.; Viera Hazin, F.H.; Juan Jorda, M.; Kada, O.; Minte Vera, C.; Miyabe, N.; Montano Cruz, R.; Nelson, R.; Oxenford, H.; Salas, E.; Schaefer, K.; Serra, R.; Sun, C.; Teixeira Lessa, R.P.; Pires Ferreira Travassos, P.E.; Uozumi, Y.; Yanez, E. (2011). ""Auxis thazard"". IUCN Red List of Threatened Species. 2011: e.T170344A6757270. doi:10.2305/IUCN.UK.2011-2.RLTS.T170344A6757270.en. Retrieved 12 November 2021.",https://www.iucnredlist.org/species/170344/6757270,/wiki/IUCN_Red_List,/wiki/Doi_(identifier),https://doi.org/10.2305%2FIUCN.UK.2011-2.RLTS.T170344A6757270.en,,,,,
33,"Froese, Rainer; Pauly, Daniel (eds.) (2012). ""Euthynnus affinis"" in FishBase. January 2012 version.",http://www.fishbase.org/summary/SpeciesSummary.php?genusname=Euthynnus&speciesname=affinis,/wiki/FishBase,,,,,,,
34,"Collette, B.; Chang, S.-K.; Fox, W.; Juan Jorda, M.; Miyabe, N.; Nelson, R.; Uozumi, Y. (2011). ""Euthynnus affinis"". IUCN Red List of Threatened Species. 2011: e.T170336A6753804. doi:10.2305/IUCN.UK.2011-2.RLTS.T170336A6753804.en. Retrieved 12 November 2021.",https://www.iucnredlist.org/species/170336/6753804,/wiki/IUCN_Red_List,/wiki/Doi_(identifier),https://doi.org/10.2305%2FIUCN.UK.2011-2.RLTS.T170336A6753804.en,,,,,
35,"Froese, Rainer; Pauly, Daniel (eds.) (2012). ""Euthynnus alletteratus"" in FishBase. January 2012 version.",http://www.fishbase.org/summary/SpeciesSummary.php?genusname=Euthynnus&speciesname=alletteratus,/wiki/FishBase,,,,,,,
36,"Collette, B.; Amorim, A.F.; Boustany, A.; Carpenter, K.E.; de Oliveira Leite Jr.; N.; Di Natale, A.; Fox, W.; Fredou, F.L.; Graves, J.; Viera Hazin, F.H.; Juan Jorda, M.; Kada, O.; Minte Vera, C.; Miyabe, N.; Nelson, R.; Oxenford, H.; Teixeira Lessa, R.P.; Pires Ferreira Travassos, P.E. (2011). ""Euthynnus alletteratus"". IUCN Red List of Threatened Species. 2011: e.T170345A6759394. doi:10.2305/IUCN.UK.2011-2.RLTS.T170345A6759394.en. Retrieved 12 November 2021.",https://www.iucnredlist.org/species/170345/6759394,/wiki/IUCN_Red_List,/wiki/Doi_(identifier),https://doi.org/10.2305%2FIUCN.UK.2011-2.RLTS.T170345A6759394.en,,,,,
37,"Froese, Rainer; Pauly, Daniel (eds.) (2012). ""Euthynnus lineatus"" in FishBase. January 2012 version.",http://www.fishbase.org/summary/SpeciesSummary.php?genusname=Euthynnus&speciesname=lineatus,/wiki/FishBase,,,,,,,
38,"Collette, B.; Acero, A.; Canales Ramirez, C.; Cardenas, G.; Carpenter, K.E.; Di Natale, A.; Guzman-Mora, A.; Montano Cruz, R.; Nelson, R.; Schaefer, K.; Serra, R.; Yanez, E. (2011). ""Euthynnus lineatus"". IUCN Red List of Threatened Species. 2011: e.T170320A6747016. doi:10.2305/IUCN.UK.2011-2.RLTS.T170320A6747016.en. Retrieved 12 November 2021.",https://www.iucnredlist.org/species/170320/6747016,/wiki/IUCN_Red_List,/wiki/Doi_(identifier),https://doi.org/10.2305%2FIUCN.UK.2011-2.RLTS.T170320A6747016.en,,,,,
39,"Froese, Rainer; Pauly, Daniel (eds.) (2012). ""Katsuwonus pelamis"" in FishBase. January 2012 version.",http://www.fishbase.org/summary/SpeciesSummary.php?genusname=Katsuwonus&speciesname=pelamis,/wiki/FishBase,,,,,,,
40,"Collette, B.B.; Boustany, A.; Fox, W.; Graves, J.; Juan Jorda, M.; Restrepo, V. (2021). ""Katsuwonus pelamis"". IUCN Red List of Threatened Species. 2021: e.T170310A46644566. doi:10.2305/IUCN.UK.2021-2.RLTS.T170310A46644566.en. Retrieved 12 November 2021.",https://www.iucnredlist.org/species/170310/46644566,/wiki/IUCN_Red_List,/wiki/Doi_(identifier),https://doi.org/10.2305%2FIUCN.UK.2021-2.RLTS.T170310A46644566.en,,,,,
41,"Biological characteristics of tuna. Fisheries and Aquaculture Department, Food and Agriculture Organization. n.d. Retrieved 17 December 2022.",https://www.fao.org/figis/pdf/fishery/topic/16082/en?title=FAO%20Fisheries%20%26%20Aquaculture%20-%20Biological%20characteristics%20of%20tuna,/wiki/Food_and_Agriculture_Organization,,,,,,,
42,"Gibbs, E. ""Fact Sheet: Tuna #P1412"". Rhode Island Sea Grant. Archived from the original on 12 July 2012. Retrieved 20 September 2012.",https://web.archive.org/web/20120712070954/http://seagrant.gso.uri.edu/factsheets/tuna.html,http://seagrant.gso.uri.edu/factsheets/tuna.html,,,,,,,
43,"Argo, Emily (21 April 2017). ""Countershading"". Fishionary. American Fisheries Society. Retrieved 17 December 2022.",https://fishionary.fisheries.org/countershading/,/wiki/American_Fisheries_Society,,,,,,,
44,"""Status of the World Fisheries for Tuna: Section A-1 – Introduction"" (PDF). International Seafood Sustainability Foundation. 15 April 2009. Archived from the original (PDF) on 27 March 2010. Retrieved 10 November 2009.",https://web.archive.org/web/20100327021649/http://www.iss-foundation.org/files/b45a4eb2-f9d7-4ed6-87a1-2efe2519baf6/ISSF_A-1%20Introduction.pdf,/wiki/International_Seafood_Sustainability_Foundation,http://www.iss-foundation.org/files/b45a4eb2-f9d7-4ed6-87a1-2efe2519baf6/ISSF_A-1%20Introduction.pdf,,,,,,
45,"Sepulveda, C.A.; Dickson, K.A.; Bernal, D.; Graham, J.B. (1 July 2008). ""Elevated red myotomal muscle temperatures in the most basal tuna species, Allothunnus fallai"" (PDF). Journal of Fish Biology. 73 (1): 241–249. doi:10.1111/j.1095-8649.2008.01931.x. Archived from the original (PDF) on 7 February 2013. Retrieved 2 November 2012.",https://web.archive.org/web/20130207000108/http://216.172.180.32/~pier/userdocs/images/files/scientific_publications/Sepulveda%20et%20al.%202008%20.pdf,/wiki/Doi_(identifier),https://doi.org/10.1111%2Fj.1095-8649.2008.01931.x,http://216.172.180.32/~pier/userdocs/images/files/scientific_publications/Sepulveda%20et%20al.%202008%20.pdf,,,,,
46,"Landeira-Fernandez, A.M.; Morrissette, J.M.; Blank, J.M.; Block, B.A. (16 October 2003). ""Temperature dependence of the Ca2+-ATPase (SERCA2) in the ventricles of tuna and mackerel"". American Journal of Physiology. Regulatory, Integrative and Comparative Physiology. 286 (2): R398–R404. doi:10.1152/ajpregu.00392.2003. PMID 14604842.",/wiki/Doi_(identifier),https://doi.org/10.1152%2Fajpregu.00392.2003,/wiki/PMID_(identifier),https://pubmed.ncbi.nlm.nih.gov/14604842,,,,,
47,"Cech, J.J.; Laurs, R.M.; Graham, J.B. (1984). ""Temperature-induced changes in blood gas equilibria in the albacore, Thunnus alalunga, a warm-bodied tuna"" (PDF). Journal of Experimental Biology. 109 (1): 21–34. doi:10.1242/jeb.109.1.21. Archived (PDF) from the original on 4 September 2015. Oxygenated blood that has just reached thermal equilibrium with ambient sea water in the gills enters the rete on the arterial side, while warmed, deoxygenated, and carbon dioxide-laden blood enters on the venous end. In the rete, countercurrent flow and the high surface area contact between the two blood supplies facilitate the transfer of nearly all of the metabolic heat in the venous blood to arterial blood, thus conserving muscle temperature. After exiting the rete, arterial blood continues to the red muscle capillary beds, and cooled venous blood flows to the gills where carbon dioxide is excreted and oxygen is loaded.",http://jeb.biologists.org/content/109/1/21.full.pdf,/wiki/Doi_(identifier),https://doi.org/10.1242%2Fjeb.109.1.21,https://web.archive.org/web/20150904044712/http://jeb.biologists.org/content/109/1/21.full.pdf,,,,,
48,"Iosilevskii, G; Weihs, D (6 March 2008). ""Speed limits on swimming of fishes and cetaceans"". Journal of the Royal Society Interface. 5 (20): 329–338. doi:10.1098/rsif.2007.1073. PMC 2607394. PMID 17580289. Lacking pain receptors on their caudal fins, scombrids may temporarily cross the cavitation limit, and cavitation-induced damage has been observed (Kishinouye 1923); on the other hand, delphinids probably cannot cross it without pain (Lang 1966)",https://www.ncbi.nlm.nih.gov/pmc/articles/PMC2607394,/wiki/Doi_(identifier),https://doi.org/10.1098%2Frsif.2007.1073,/wiki/PMC_(identifier),https://www.ncbi.nlm.nih.gov/pmc/articles/PMC2607394,/wiki/PMID_(identifier),https://pubmed.ncbi.nlm.nih.gov/17580289,,
49,"Bradford, Gillian (16 October 2006). ""Bluefin Tuna Plundering Catches Up With Japan"". ABC News. Retrieved 11 August 2013.",http://www.abc.net.au/news/2006-10-16/bluefin-tuna-plundering-catches-up-with-japan/1286956,,,,,,,,
50,"Eilperin, Juliet (29 November 2009). ""Global approach now favored for marine conservation"". Washington Post. Retrieved 11 August 2013.",https://www.washingtonpost.com/wp-dyn/content/article/2009/11/28/AR2009112801066.html,,,,,,,,
51,"McCurry, Justin (22 January 2007). ""Japan warned tuna stocks face extinction"". The Guardian. London. Retrieved 2 April 2008.",https://www.theguardian.com/environment/2007/jan/22/japan.conservationandendangeredspecies,,,,,,,,
52,"Wright, Hillel (9 January 2011). ""Are Japan's fish lovers eating tuna to extinction?"". Japan Times. p. 7. Retrieved 11 August 2013.",http://www.japantimes.co.jp/life/2011/01/09/life/are-japans-fish-lovers-eating-tuna-to-extinction/,/wiki/Japan_Times,,,,,,,
53,"""Price of tuna nosedives at famous Tokyo auction despite dwindling stocks"". The Toronto Star. 5 January 2014. Retrieved 8 February 2014.",https://www.thestar.com/business/2014/01/05/price_of_tuna_nosedives_at_famous_tokyo_auction_despite_dwindling_stocks.html,/wiki/The_Toronto_Star,,,,,,,
54,"""Fish story: Big tuna sells for record $396,000"". NBCNews.com. 5 January 2011. Retrieved 19 September 2012.",http://www.nbcnews.com/id/40921151,,,,,,,,
55,"Buerk, Roland (5 January 2010). ""Tuna hits highest price in nine years at Tokyo auction"". BBC News. Retrieved 19 September 2012.",http://news.bbc.co.uk/2/hi/asia-pacific/8440758.stm,,,,,,,,
56,"""A single fish sells for nearly three-quarters of a million dollars"". NBCNews.com. 5 January 2012. Retrieved 19 September 2012.",http://www.nbcnews.com/id/45882262,,,,,,,,
57,"""A bluefin tuna sells for record $1.76M in Tokyo"". usatoday.com. 4 January 2013. Retrieved 4 January 2013.",https://www.usatoday.com/story/news/world/2013/01/04/bluefin-tuna-tokyo-sushi/1810557//,,,,,,,,
58,"""Tuna sells for record $3 million in auction at Tokyo's new fish market"". Reuters. 5 January 2019. Retrieved 4 September 2019.",https://www.reuters.com/article/us-tuna-auction-idUSKCN1OZ056,,,,,,,,
59,"""Man catches 881-pound tuna, seized by feds | The Sideshow – Yahoo! News"". News.yahoo.com. 15 November 2011. Retrieved 16 June 2012.",https://news.yahoo.com/blogs/sideshow/man-catches-881-pound-tuna-seized-feds-194650751.html,,,,,,,,
60,"Doolette, DJ & Craig, D (1999). ""Tuna farm diving in South Australia"". South Pacific Underwater Medicine Society Journal. 29 (2). ISSN 0813-1988. OCLC 16986801. Archived from the original on 7 January 2010. Retrieved 17 August 2008.{{cite journal}}:  CS1 maint: unfit URL (link)",https://web.archive.org/web/20100107101138/http://archive.rubicon-foundation.org/6006,/wiki/ISSN_(identifier),https://www.worldcat.org/issn/0813-1988,/wiki/OCLC_(identifier),https://www.worldcat.org/oclc/16986801,/wiki/Template:Cite_journal,/wiki/Category:CS1_maint:_unfit_URL,,
61,"Dorney, Sean (28 June 2005). ""Nauru defends whaling vote. 28/06/2005. ABC News Online"". Abc.net.au. Retrieved 12 April 2012.",http://www.abc.net.au/news/2005-06-28/nauru-defends-whaling-vote/2046680,,,,,,,,
62,"Western and Central Pacific Fisheries Commission. ""Australia Proposals to Address the Impact of Purse Seine Fishing Activity on Cetaceans"" (PDF). WCPFC. Archived from the original (PDF) on 1 November 2012. Retrieved 11 April 2012.",https://web.archive.org/web/20121101065208/http://wcpfc.int/system/files/documents/meetings/regular-sessions-commission/eighth-regular-session/delegation-proposals-and-paper/WCPFC8-2011-DP-15B-%28Rev-2%29-Australia-Proposals-Address-Impact-Purse-Seine-Fishing-Activity-Cetaceans.pdf,http://wcpfc.int/system/files/documents/meetings/regular-sessions-commission/eighth-regular-session/delegation-proposals-and-paper/WCPFC8-2011-DP-15B-%28Rev-2%29-Australia-Proposals-Address-Impact-Purse-Seine-Fishing-Activity-Cetaceans.pdf,,,,,,,
63,"""ENSENADA: El Puerto del Atun"". Journalism.berkeley.edu. Archived from the original on 24 May 2010. Retrieved 22 September 2010.",https://web.archive.org/web/20100524134557/http://journalism.berkeley.edu/projects/border/ensenada.html,http://journalism.berkeley.edu/projects/border/ensenada.html,,,,,,,
64,"""Dolphin-safe tuna"". Whale and Dolphin Conservation. Archived from the original on 27 September 2013.",https://web.archive.org/web/20130927135421/http://www.wdcs-na.org/text/story_details.php?select=308,http://www.wdcs-na.org/text/story_details.php?select=308,,,,,,,
65,"""The ecological disaster that is dolphin safe tuna"". Southern Fried Science. 16 February 2009.",http://southernfriedscientist.wordpress.com/2009/02/16/the-ecological-disaster-that-is-dolphin-safe-tuna/,,,,,,,,
66,"
McAvoy, Audrey (24 October 2009). ""Hawaii regulators approve first US tuna farm"". Associated Press. Retrieved 11 August 2013.",http://phys.org/news175693106.html,,,,,,,,
67,"
Susannah F. Locke (17 March 2008). ""Breeding the Overfished Bluefin Tuna"". LiveScience. Retrieved 13 May 2013.",http://www.livescience.com/animals/080317-sl-tuna-farming.html,,,,,,,,
68,"
""The holy grail of fish breeding"".",http://www.taipeitimes.com/News/editorials/archives/2006/09/30/2003329854,,,,,,,,
69,"""Cultivation, seedling production, and selective breeding of bluefin tuna and other fish at the Kinki University Fisheries Laboratory"". Flku.jp. Retrieved 22 September 2010.",http://www.flku.jp/english/aquaculture/index.html,,,,,,,,
70,"Jung, Carolyn (21 May 2008). ""The rarest tuna of all – Japan's farmed Kindai"". The San Francisco Chronicle.",http://www.sfgate.com/cgi-bin/article.cgi?f=/c/a/2008/05/21/FDI910LR9P.DTL&type=printable,,,,,,,,
71,"Raisfeld, Robin (4 May 2008). ""Can a Farmed Bluefin Tuna Save the Planet? – New York Magazine"". Nymag.com. Retrieved 16 June 2012.",http://nymag.com/restaurants/features/46633/,,,,,,,,
72,"""FNArena"". FNArena. 15 May 2009. Retrieved 22 September 2010.",http://www.fnarena.com/index2.cfm?type=dsp_newsitem&n=4213142B-1871-E587-E13DAA02FD0A4316,,,,,,,,
73,"""Stateline South Australia"". Abc.net.au. Archived from the original on 13 November 2012. Retrieved 22 September 2010.",https://web.archive.org/web/20121113102602/http://www.abc.net.au/cgi-bin/common/printfriendly.pl?http%3A%2F%2Fwww.abc.net.au%2Fstateline%2Fsa%2Fcontent%2F2005%2Fs1509579.htm,http://www.abc.net.au/cgi-bin/common/printfriendly.pl?http://www.abc.net.au/stateline/sa/content/2005/s1509579.htm,,,,,,,
74,"Austin, Nigel (23 September 2008). ""Clean Seas teams up with Japan's Kinki Uni for tuna research"". The Advertiser. Archived from the original on 2 December 2012. Retrieved 24 November 2009.",https://archive.today/20121202225644/http://www.adelaidenow.com.au/business/sa-business-journal/clean-seas-signs-tuna-research-deal/story-e6fredel-1111117560776,"http://www.news.com.au/adelaidenow/story/0,22606,24389186-913,00.html",,,,,,,
75,"""The Tank-Bred Tuna"". The 50 Best Inventions of 2009. Time.com. 12 November 2009. Archived from the original on 15 November 2009. Retrieved 21 January 2013.","https://web.archive.org/web/20091115062251/http://www.time.com/time/specials/packages/article/0,28804,1934027_1934003_1933946,00.html","http://www.time.com/time/specials/packages/article/0,28804,1934027_1934003_1933946,00.html",,,,,,,
76,"""Aussies Win 'Best Invention' Award"". ThinkingAustralia.com. Archived from the original on 3 April 2013. Retrieved 21 January 2013.",https://web.archive.org/web/20130403110610/http://www.thinkingaustralia.com/news/brief_view.asp?id=1525,http://www.thinkingaustralia.com/news/brief_view.asp?id=1525,,,,,,,
77,"Hickman, Martin (9 June 2009). ""How Tuna Conquered the World"". www.independent.co.uk. The Independent. Archived from the original on 31 January 2019. Retrieved 30 January 2019.",https://web.archive.org/web/20190131100056/https://www.independent.co.uk/life-style/food-and-drink/features/how-tuna-conquered-the-world-1700127.html,https://www.independent.co.uk/life-style/food-and-drink/features/how-tuna-conquered-the-world-1700127.html,,,,,,,
78,"Hui, Y. H.; et al. (2004). Handbook of Frozen Foods. CRC Press. p. 328. ISBN 0203022009.",https://books.google.com/books?id=Xr6hTgLRoLIC&pg=PA328,/wiki/ISBN_(identifier),/wiki/Special:BookSources/0203022009,,,,,,
79,Choice: Jan/Feb 2004.,/wiki/Choice_(Australian_magazine),,,,,,,,
80,"Choice, August 2003.",/wiki/Choice_(Australian_magazine),,,,,,,,
81,Test: Canned tuna (archived) Canned or conned? Archived 1 August 2008 at the Wayback Machine,http://www.choice.com.au/viewArticle.aspx?id=104101&catId=100406&tid=100008&p=2&title=Test:+Canned+tuna+(archived),https://web.archive.org/web/20080801143345/http://www.choice.com.au/viewArticle.aspx?id=104101&catId=100406&tid=100008&p=2&title=Test%3A+Canned+tuna+%28archived%29,/wiki/Wayback_Machine,,,,,,
82,"Casa-Emellosthe, Ruth P. (1 March 1951). ""News of Food: Tuna Provides Tempting Dishes; Canned Fish Plentiful Now and a Good Buy for Budget-Minded"". New York Times. p. 30. Retrieved 17 April 2021.",https://timesmachine.nytimes.com/timesmachine/1951/03/01/82093669.html?pageNumber=30,/wiki/New_York_Times,,,,,,,
83,"""Tuna"". Modern Marvels, 4 February 2010.",,,,,,,,,
84,"""CFR – Code of Federal Regulations Title 21"". Accessdata.fda.gov. Retrieved 22 September 2010.",http://www.accessdata.fda.gov/scripts/cdrh/cfdocs/cfcfr/CFRSearch.cfm?fr=161.190,,,,,,,,
85,"""The tuna processing industry"". U.S. Department of Labor. Archived from the original on 12 August 2013. Retrieved 11 August 2013.",https://web.archive.org/web/20130812124832/http://www.dol.gov/whd/as/sec3.htm,/wiki/U.S._Department_of_Labor,http://www.dol.gov/whd/as/sec3.htm,,,,,,
86,"Ellis, Richard.  Tuna: A Love Story. New York: Random House, 2009, p. 119. ISBN 0-307-38710-0",/wiki/ISBN_(identifier),/wiki/Special:BookSources/0-307-38710-0,,,,,,,
87,"Rosengarten, David (31 July 2012). ""Name That Tuna! The Little-Known, Sexy Varieties that Are Vastly Superior to the Supermarket Cans"". Wine4Food. Archived from the original on 14 May 2021. Retrieved 14 May 2021. What is ventresca? The name comes from the Italian word for belly, which is ""ventre."" Yup, you guessed it, ventresca is canned tuna made from the tuna's belly, from the sexy, velvety hunk known in sushi bars as ""toro."" Happily, there are a good many ventresca brands in the U.S. right now from Italy and Spain. (Originally Published: ROSENGARTEN REPORT, April 2003.)",https://web.archive.org/web/20210514215614/https://www.wine4food.com/food/name-that-tuna-the-little-known-sexy-varieties-that-are-vastly-superior-to-the-supermarket-cans/,https://www.wine4food.com/food/name-that-tuna-the-little-known-sexy-varieties-that-are-vastly-superior-to-the-supermarket-cans/,,,,,,,
88,"""Luxury Canned Tuna"". www.splendidtable.org. 18 November 2010. Archived from the original on 14 May 2021. Retrieved 14 May 2021. Ventresca Tuna: This tuna comes from the belly of the fish, that velvety chunk known in sushi bars as toro. It has deep, buttery, complex flavors and a creamy texture. This one stands alone. The less you do to it the better. Be prepared to pay dearly for this unabashed luxury",https://web.archive.org/web/20210514214210/https://www.splendidtable.org/story/2010/11/18/luxury-canned-tuna,https://www.splendidtable.org/story/2010/11/18/luxury-canned-tuna,,,,,,,
89,"Fraioli, James O.; Sato, Chef Kaz (2008). The Complete Idiot's Guide to Sushi and Sashimi. New York, NY: Alpha Books. ISBN 978-1-59257-782-8.",http://idiotsguides.com,/wiki/ISBN_(identifier),/wiki/Special:BookSources/978-1-59257-782-8,,,,,,
90,"""Sushi Menu"". Sushi Encyclopedia. 2007. Archived from the original on 20 May 2017. Retrieved 12 February 2016. The sushi menu consists of basic Edo style sushi and they are grouped in their styles.",https://web.archive.org/web/20170520055030/http://www.sushiencyclopedia.com/sushi_menu.html,http://www.sushiencyclopedia.com/sushi_menu.html,,,,,,,
91,"United States Food and Drug Administration (2024). ""Daily Value on the Nutrition and Supplement Facts Labels"". FDA. Archived from the original on 27 March 2024. Retrieved 28 March 2024.",/wiki/Food_and_Drug_Administration,https://www.fda.gov/food/nutrition-facts-label/daily-value-nutrition-and-supplement-facts-labels,https://web.archive.org/web/20240327175201/https://www.fda.gov/food/nutrition-facts-label/daily-value-nutrition-and-supplement-facts-labels,,,,,,
92,"National Academies of Sciences, Engineering, and Medicine; Health and Medicine Division; Food and Nutrition Board; Committee to Review the Dietary Reference Intakes for Sodium and Potassium (2019). Oria, Maria; Harrison, Meghan; Stallings, Virginia A. (eds.). Dietary Reference Intakes for Sodium and Potassium. The National Academies Collection: Reports funded by National Institutes of Health. Washington, DC: National Academies Press (US). ISBN 978-0-309-48834-1. PMID 30844154. Archived from the original on 9 May 2024. Retrieved 21 June 2024.",http://www.ncbi.nlm.nih.gov/books/NBK538102/,/wiki/ISBN_(identifier),/wiki/Special:BookSources/978-0-309-48834-1,/wiki/PMID_(identifier),https://pubmed.ncbi.nlm.nih.gov/30844154,https://web.archive.org/web/20240509063633/https://www.ncbi.nlm.nih.gov/books/NBK538102/,,,
93,"Roe, Sam; Hawthorne, Michael (13 December 2005). ""How safe is tuna?"". Chicago Tribune. Archived from the original on 26 November 2009.","https://web.archive.org/web/20091126023316/http://www.chicagotribune.com/features/health/chi-0512130114dec13,0,4864620,full.story","http://www.chicagotribune.com/features/health/chi-0512130114dec13,0,4864620,full.story",,,,,,,
94,"Balshaws, S.; Edwards, J.W.; Ross, K.E.; Daughtry, B.J. (December 2008). ""Mercury distribution in the muscular tissue of farmed southern bluefin tuna (Thunnus maccoyii) is inversely related to the lipid content of tissues"". Food Chemistry. 111 (3): 616–621. doi:10.1016/j.foodchem.2008.04.041.",/wiki/Doi_(identifier),https://doi.org/10.1016%2Fj.foodchem.2008.04.041,,,,,,,
95,"Sompongchaiyakul, Penjai; Hantow1 (2010). ""An assessment of mercury concentration in fish tissues caught from three compartments of the Bay of Bengal"" (PDF). Harper S, O'Meara D, Booth S, Zeller D, Pauly D (Eds) Fisheries Catches for the Bay of Bengal Large Marine Ecosystem Since 1950, Vol 16, Report to the Bay of Bengal Large Marine Ecosystem Project: 1. S2CID 41523999. Archived from the original (PDF) on 21 August 2018.{{cite journal}}:  CS1 maint: numeric names: authors list (link)",https://web.archive.org/web/20180821062638/https://pdfs.semanticscholar.org/aa1b/e647c6109fe46c005c6797f6adb28b562bfc.pdf,/wiki/S2CID_(identifier),https://api.semanticscholar.org/CorpusID:41523999,https://pdfs.semanticscholar.org/aa1b/e647c6109fe46c005c6797f6adb28b562bfc.pdf,/wiki/Template:Cite_journal,/wiki/Category:CS1_maint:_numeric_names:_authors_list,,,
96,"Balachandran KK, Vijayan PK, Joseph J (1982). ""Improving the acceptability of canned Mackerel tuna (Euthynnus affinis)"" (PDF). Fish Technology. 19: 59–60. Archived (PDF) from the original on 21 August 2018.",http://aquaticcommons.org/18382/1/FT19.1_059.pdf,https://web.archive.org/web/20180821093834/http://aquaticcommons.org/18382/1/FT19.1_059.pdf,,,,,,,
97,"""What You Need to Know About Mercury in Fish and Shellfish"". March 2004. Archived from the original on 19 May 2007. Retrieved 19 May 2007.",https://web.archive.org/web/20070519060018/http://www.cfsan.fda.gov/~dms/admehg3.html,http://www.cfsan.fda.gov/~dms/admehg3.html,,,,,,,
98,"""PROTECT YOURSELF AND YOUR FAMILY: Eating Tuna Safely"". 2 April 2012. Retrieved 2 April 2012.",http://www.nrdc.org/health/effects/mercury/tuna.asp,,,,,,,,
99,"""FDA to check tuna"". Chicago Tribune. Retrieved 21 June 2007.",http://articles.chicagotribune.com/2005-12-31/news/0512310211_1_light-tuna-tuna-foundation-low-mercury,,,,,,,,
100,"""Mercury in tuna"". June 2006. Archived from the original on 10 April 2007. Retrieved 19 May 2007.",https://web.archive.org/web/20070410020238/http://www.consumerreports.org/cro/food/tuna-safety/overview/0607_tuna_ov.htm,http://www.consumerreports.org/cro/food/tuna-safety/overview/0607_tuna_ov.htm,,,,,,,
101,"People ex rel. Brown v. Tri-Union Seafoods, LLC, 171 Cal.App.4th 1549 (Cal. App. Ct. 2009).",https://scholar.google.com/scholar_case?hl=en&as_sdt=40000006&case=14761508866702574858&scilh=0,,,,,,,,
102,"Burros, Marian (23 January 2008). ""High Mercury Levels Are Found in Tuna Sushi"". New York Times. Retrieved 11 September 2009.",https://www.nytimes.com/2008/01/23/dining/23sushi.html?ref=nyregion,,,,,,,,
103,"""WWF demands tuna monitoring system"". The Age. Melbourne. 19 January 2007. Retrieved 19 May 2008.",http://www.theage.com.au/news/World/WWF-demands-tuna-monitoring-system/2007/01/19/1169095972203.html,,,,,,,,
104,"""Briefing: Joint Tuna RFMO Meeting, Kobe 2007"". 23 January 2007. Archived from the original on 23 March 2008. Retrieved 19 May 2008.",https://web.archive.org/web/20080323185155/http://oceans.greenpeace.org/en/documents-reports/rfmo-kobe,http://oceans.greenpeace.org/en/documents-reports/rfmo-kobe,,,,,,,
105,"""Conference approves global plan to save tuna stocks"". Australian Broadcasting Corporation. 26 January 2007. Archived from the original on 11 January 2008. Retrieved 10 May 2008.",https://web.archive.org/web/20080111070803/http://www.abc.net.au/news/newsitems/200701/s1834563.htm,/wiki/Australian_Broadcasting_Corporation,http://www.abc.net.au/news/newsitems/200701/s1834563.htm,,,,,,
106,"""Greenpeace International Seafood Red list"". Greenpeace.org. 17 March 2003. Archived from the original on 20 August 2010. Retrieved 22 September 2010.",https://web.archive.org/web/20100820034707/http://www.greenpeace.org/international/seafood/red-list-of-species,http://www.greenpeace.org/international/seafood/red-list-of-species,,,,,,,
107,"Greenberg, Paul (21 June 2010). ""Tuna's End"". The New York Times.",https://www.nytimes.com/2010/06/27/magazine/27Tuna-t.html,,,,,,,,
108,"Black, Richard (17 October 2007). ""Last rites for a marine marvel?"". BBC News. Retrieved 17 October 2007.",http://news.bbc.co.uk/2/hi/science/nature/7040011.stm,,,,,,,,
109,"Ito, Masami, ""Does Japan's affair with tuna mean loving it to extinction?"", Japan Times, 31 August 2010, p. 3. [dead link]",http://search.japantimes.co.jp/cgi-bin/nn20100831i1.html,/wiki/Japan_Times,/wiki/Wikipedia:Link_rot,,,,,,
110,"""Status of the World Fisheries for Tuna: Section A-2 – Summary"" (PDF). ISSF. 15 April 2009. Archived from the original (PDF) on 27 March 2010. Retrieved 10 November 2009.",https://web.archive.org/web/20100327022746/http://www.iss-foundation.org/files/e71afd66-086a-41c7-a71c-c2935687dcef/ISSF_A-2%20Summary%20%283%29.pdf,http://www.iss-foundation.org/files/e71afd66-086a-41c7-a71c-c2935687dcef/ISSF_A-2%20Summary%20(3).pdf,,,,,,,
111,"Produced and directed by Jonathan Clay (14 June 2009). ""Fragile Paradise"". South Pacific. BBC. BBC Two.",,,,,,,,,
112,"""Tuna overfishing continues"". Cook Islands News. 12 January 2012. Archived from the original on 15 November 2013. Retrieved 19 May 2012.",https://web.archive.org/web/20131115074636/http://www.cookislandsnews.com/2012/January/Wed18/environment.htm,http://www3.cookislandsnews.com/2012/January/Wed18/environment.htm,,,,,,,
113,"Roxy, Mathew Koll; Modi, Aditi; Murtugudde, Raghu; Valsala, Vinu; Panickal, Swapna; Prasanna Kumar, S.; Ravichandran, M.; Vichi, Marcello; Lévy, Marina (28 January 2016). ""A reduction in marine primary productivity driven by rapid warming over the tropical Indian Ocean"" (PDF). Geophysical Research Letters. 43 (2): 2015GL066979. Bibcode:2016GeoRL..43..826R. doi:10.1002/2015GL066979. ISSN 1944-8007. Archived (PDF) from the original on 3 January 2019.",https://hal.archives-ouvertes.fr/hal-01259414/file/Roxy_2016_A_reduction_in.pdf,/wiki/Bibcode_(identifier),https://ui.adsabs.harvard.edu/abs/2016GeoRL..43..826R,/wiki/Doi_(identifier),https://doi.org/10.1002%2F2015GL066979,/wiki/ISSN_(identifier),https://www.worldcat.org/issn/1944-8007,https://web.archive.org/web/20190103110538/https://hal.archives-ouvertes.fr/hal-01259414/file/Roxy_2016_A_reduction_in.pdf,
